2,680173687, Preston Bank
2,202103610, Preston Bank
3,136303764,Miller Bank
7,691948375,Alberto Bank
7,746433869,Alberto Bank
8,420025466,Cecelia Bank
8,986961895, Claudia Sharp Bank
8,626280173,Townsend Bank
8,138369228,Cecelia Bank
11,345722129,World Ward Bank
12,858327812,Townsend Bank
13,712815055, Terri Bank
17,359215849,Wells Bank
18,955910953,Owen Bank
18,704302661, Terri Bank
18,741414132,Townsend Bank
19,312498953,World Ward Bank
20,830755871,Owen Bank
1,822688937,Wells Bank
1,873867670,Alberto Bank
